kind,value,team,audience,label,active,notes
subreddit,hockey,,fan,r/hockey,yes,League-wide subreddit
subreddit,AnaheimDucks,ANA,fan,r/AnaheimDucks,yes,
subreddit,BostonBruins,BOS,fan,r/BostonBruins,yes,
subreddit,sabres,BUF,fan,r/sabres,yes,
subreddit,canes,CAR,fan,r/canes,yes,
subreddit,BlueJackets,CBJ,fan,r/BlueJackets,yes,
subreddit,CalgaryFlames,CGY,fan,r/CalgaryFlames,yes,
subreddit,hawks,CHI,fan,r/hawks,yes,
subreddit,ColoradoAvalanche,COL,fan,r/ColoradoAvalanche,yes,
subreddit,DallasStars,DAL,fan,r/DallasStars,yes,
subreddit,DetroitRedWings,DET,fan,r/DetroitRedWings,yes,
subreddit,EdmontonOilers,EDM,fan,r/EdmontonOilers,yes,
subreddit,FloridaPanthers,FLA,fan,r/FloridaPanthers,yes,
subreddit,losangeleskings,LAK,fan,r/losangeleskings,yes,
subreddit,wildhockey,MIN,fan,r/wildhockey,yes,
subreddit,Habs,MTL,fan,r/Habs,yes,
subreddit,devils,NJD,fan,r/devils,yes,
subreddit,Predators,NSH,fan,r/Predators,yes,
subreddit,NewYorkIslanders,NYI,fan,r/NewYorkIslanders,yes,
subreddit,rangers,NYR,fan,r/rangers,yes,
subreddit,OttawaSenators,OTT,fan,r/OttawaSenators,yes,
subreddit,Flyers,PHI,fan,r/Flyers,yes,
subreddit,penguins,PIT,fan,r/penguins,yes,
subreddit,SeattleKraken,SEA,fan,r/SeattleKraken,yes,
subreddit,SanJoseSharks,SJS,fan,r/SanJoseSharks,yes,
subreddit,stlouisblues,STL,fan,r/stlouisblues,yes,
subreddit,TampaBayLightning,TBL,fan,r/TampaBayLightning,yes,
subreddit,leafs,TOR,fan,r/leafs,yes,
subreddit,UtahMammoth,UTA,fan,r/UtahMammoth,yes,Name not yet verified; check once Reddit keys exist
subreddit,canucks,VAN,fan,r/canucks,yes,
subreddit,goldenknights,VGK,fan,r/goldenknights,yes,
subreddit,winnipegjets,WPG,fan,r/winnipegjets,yes,
subreddit,caps,WSH,fan,r/caps,yes,
google_news,NHL trade,,media,Google News: NHL trade,yes,League-wide trade news
google_news,"""Anaheim Ducks""",ANA,media,Google News: Anaheim Ducks,yes,
google_news,"""Boston Bruins""",BOS,media,Google News: Boston Bruins,yes,
google_news,"""Buffalo Sabres""",BUF,media,Google News: Buffalo Sabres,yes,
google_news,"""Carolina Hurricanes""",CAR,media,Google News: Carolina Hurricanes,yes,
google_news,"""Columbus Blue Jackets""",CBJ,media,Google News: Columbus Blue Jackets,yes,
google_news,"""Calgary Flames""",CGY,media,Google News: Calgary Flames,yes,
google_news,"""Chicago Blackhawks""",CHI,media,Google News: Chicago Blackhawks,yes,
google_news,"""Colorado Avalanche""",COL,media,Google News: Colorado Avalanche,yes,
google_news,"""Dallas Stars""",DAL,media,Google News: Dallas Stars,yes,
google_news,"""Detroit Red Wings""",DET,media,Google News: Detroit Red Wings,yes,
google_news,"""Edmonton Oilers""",EDM,media,Google News: Edmonton Oilers,yes,
google_news,"""Florida Panthers""",FLA,media,Google News: Florida Panthers,yes,
google_news,"""Los Angeles Kings""",LAK,media,Google News: Los Angeles Kings,yes,
google_news,"""Minnesota Wild""",MIN,media,Google News: Minnesota Wild,yes,
google_news,"""Montréal Canadiens""",MTL,media,Google News: Montréal Canadiens,yes,
google_news,"""New Jersey Devils""",NJD,media,Google News: New Jersey Devils,yes,
google_news,"""Nashville Predators""",NSH,media,Google News: Nashville Predators,yes,
google_news,"""New York Islanders""",NYI,media,Google News: New York Islanders,yes,
google_news,"""New York Rangers""",NYR,media,Google News: New York Rangers,yes,
google_news,"""Ottawa Senators""",OTT,media,Google News: Ottawa Senators,yes,
google_news,"""Philadelphia Flyers""",PHI,media,Google News: Philadelphia Flyers,yes,
google_news,"""Pittsburgh Penguins""",PIT,media,Google News: Pittsburgh Penguins,yes,
google_news,"""Seattle Kraken""",SEA,media,Google News: Seattle Kraken,yes,
google_news,"""San Jose Sharks""",SJS,media,Google News: San Jose Sharks,yes,
google_news,"""St. Louis Blues""",STL,media,Google News: St. Louis Blues,yes,
google_news,"""Tampa Bay Lightning""",TBL,media,Google News: Tampa Bay Lightning,yes,
google_news,"""Toronto Maple Leafs""",TOR,media,Google News: Toronto Maple Leafs,yes,
google_news,"""Utah Mammoth""",UTA,media,Google News: Utah Mammoth,yes,
google_news,"""Vancouver Canucks""",VAN,media,Google News: Vancouver Canucks,yes,
google_news,"""Vegas Golden Knights""",VGK,media,Google News: Vegas Golden Knights,yes,
google_news,"""Winnipeg Jets""",WPG,media,Google News: Winnipeg Jets,yes,
google_news,"""Washington Capitals""",WSH,media,Google News: Washington Capitals,yes,
bluesky_search,NHL trade,,fan,Bluesky search: NHL trade,yes,Needs Bluesky app password
bluesky_search,"""Anaheim Ducks""",ANA,fan,Bluesky search: Anaheim Ducks,yes,Needs Bluesky app password
bluesky_search,"""Boston Bruins""",BOS,fan,Bluesky search: Boston Bruins,yes,Needs Bluesky app password
bluesky_search,"""Buffalo Sabres""",BUF,fan,Bluesky search: Buffalo Sabres,yes,Needs Bluesky app password
bluesky_search,"""Carolina Hurricanes""",CAR,fan,Bluesky search: Carolina Hurricanes,yes,Needs Bluesky app password
bluesky_search,"""Columbus Blue Jackets""",CBJ,fan,Bluesky search: Columbus Blue Jackets,yes,Needs Bluesky app password
bluesky_search,"""Calgary Flames""",CGY,fan,Bluesky search: Calgary Flames,yes,Needs Bluesky app password
bluesky_search,"""Chicago Blackhawks""",CHI,fan,Bluesky search: Chicago Blackhawks,yes,Needs Bluesky app password
bluesky_search,"""Colorado Avalanche""",COL,fan,Bluesky search: Colorado Avalanche,yes,Needs Bluesky app password
bluesky_search,"""Dallas Stars""",DAL,fan,Bluesky search: Dallas Stars,yes,Needs Bluesky app password
bluesky_search,"""Detroit Red Wings""",DET,fan,Bluesky search: Detroit Red Wings,yes,Needs Bluesky app password
bluesky_search,"""Edmonton Oilers""",EDM,fan,Bluesky search: Edmonton Oilers,yes,Needs Bluesky app password
bluesky_search,"""Florida Panthers""",FLA,fan,Bluesky search: Florida Panthers,yes,Needs Bluesky app password
bluesky_search,"""Los Angeles Kings""",LAK,fan,Bluesky search: Los Angeles Kings,yes,Needs Bluesky app password
bluesky_search,"""Minnesota Wild""",MIN,fan,Bluesky search: Minnesota Wild,yes,Needs Bluesky app password
bluesky_search,"""Montréal Canadiens""",MTL,fan,Bluesky search: Montréal Canadiens,yes,Needs Bluesky app password
bluesky_search,"""New Jersey Devils""",NJD,fan,Bluesky search: New Jersey Devils,yes,Needs Bluesky app password
bluesky_search,"""Nashville Predators""",NSH,fan,Bluesky search: Nashville Predators,yes,Needs Bluesky app password
bluesky_search,"""New York Islanders""",NYI,fan,Bluesky search: New York Islanders,yes,Needs Bluesky app password
bluesky_search,"""New York Rangers""",NYR,fan,Bluesky search: New York Rangers,yes,Needs Bluesky app password
bluesky_search,"""Ottawa Senators""",OTT,fan,Bluesky search: Ottawa Senators,yes,Needs Bluesky app password
bluesky_search,"""Philadelphia Flyers""",PHI,fan,Bluesky search: Philadelphia Flyers,yes,Needs Bluesky app password
bluesky_search,"""Pittsburgh Penguins""",PIT,fan,Bluesky search: Pittsburgh Penguins,yes,Needs Bluesky app password
bluesky_search,"""Seattle Kraken""",SEA,fan,Bluesky search: Seattle Kraken,yes,Needs Bluesky app password
bluesky_search,"""San Jose Sharks""",SJS,fan,Bluesky search: San Jose Sharks,yes,Needs Bluesky app password
bluesky_search,"""St. Louis Blues""",STL,fan,Bluesky search: St. Louis Blues,yes,Needs Bluesky app password
bluesky_search,"""Tampa Bay Lightning""",TBL,fan,Bluesky search: Tampa Bay Lightning,yes,Needs Bluesky app password
bluesky_search,"""Toronto Maple Leafs""",TOR,fan,Bluesky search: Toronto Maple Leafs,yes,Needs Bluesky app password
bluesky_search,"""Utah Mammoth""",UTA,fan,Bluesky search: Utah Mammoth,yes,Needs Bluesky app password
bluesky_search,"""Vancouver Canucks""",VAN,fan,Bluesky search: Vancouver Canucks,yes,Needs Bluesky app password
bluesky_search,"""Vegas Golden Knights""",VGK,fan,Bluesky search: Vegas Golden Knights,yes,Needs Bluesky app password
bluesky_search,"""Winnipeg Jets""",WPG,fan,Bluesky search: Winnipeg Jets,yes,Needs Bluesky app password
bluesky_search,"""Washington Capitals""",WSH,fan,Bluesky search: Washington Capitals,yes,Needs Bluesky app password
youtube_channel,@anaheimducks,ANA,media,YouTube: ANA official,yes,Team channel; viewer comments are tagged fan
youtube_channel,@bostonbruinsnhl,BOS,media,YouTube: BOS official,yes,Team channel; viewer comments are tagged fan
youtube_channel,@buffalosabres,BUF,media,YouTube: BUF official,yes,Team channel; viewer comments are tagged fan
youtube_channel,@carolinahurricanes,CAR,media,YouTube: CAR official,yes,Team channel; viewer comments are tagged fan
youtube_channel,@bluejacketsnhl,CBJ,media,YouTube: CBJ official,yes,Team channel; viewer comments are tagged fan
youtube_channel,@nhlflames,CGY,media,YouTube: CGY official,yes,Team channel; viewer comments are tagged fan
youtube_channel,@blackhawks,CHI,media,YouTube: CHI official,yes,Team channel; viewer comments are tagged fan
youtube_channel,@coloradoavalanche,COL,media,YouTube: COL official,yes,Team channel; viewer comments are tagged fan
youtube_channel,@dallasstars,DAL,media,YouTube: DAL official,yes,Team channel; viewer comments are tagged fan
youtube_channel,@officialredwings,DET,media,YouTube: DET official,yes,Team channel; viewer comments are tagged fan
youtube_channel,@edmontonoilers,EDM,media,YouTube: EDM official,yes,Team channel; viewer comments are tagged fan
youtube_channel,@flapanthers,FLA,media,YouTube: FLA official,yes,Team channel; viewer comments are tagged fan
youtube_channel,@lakings,LAK,media,YouTube: LAK official,yes,Team channel; viewer comments are tagged fan
youtube_channel,@mnwild,MIN,media,YouTube: MIN official,yes,Team channel; viewer comments are tagged fan
youtube_channel,@canadiensmtl,MTL,media,YouTube: MTL official,yes,Team channel; viewer comments are tagged fan
youtube_channel,@njdevils,NJD,media,YouTube: NJD official,yes,Team channel; viewer comments are tagged fan
youtube_channel,@nashvillepredatorsnhl,NSH,media,YouTube: NSH official,yes,Team channel; viewer comments are tagged fan
youtube_channel,@ny_islanders,NYI,media,YouTube: NYI official,yes,Team channel; viewer comments are tagged fan
youtube_channel,@nyrangers,NYR,media,YouTube: NYR official,yes,Team channel; viewer comments are tagged fan
youtube_channel,@ottawasenatorsnhl,OTT,media,YouTube: OTT official,yes,Team channel; viewer comments are tagged fan
youtube_channel,@philadelphiaflyers,PHI,media,YouTube: PHI official,yes,Team channel; viewer comments are tagged fan
youtube_channel,@penguins,PIT,media,YouTube: PIT official,yes,Team channel; viewer comments are tagged fan
youtube_channel,@seattlekraken,SEA,media,YouTube: SEA official,yes,Team channel; viewer comments are tagged fan
youtube_channel,@sanjosesharks,SJS,media,YouTube: SJS official,yes,Team channel; viewer comments are tagged fan
youtube_channel,@stlouisblues,STL,media,YouTube: STL official,yes,Team channel; viewer comments are tagged fan
youtube_channel,@tblightningnhl,TBL,media,YouTube: TBL official,yes,Team channel; viewer comments are tagged fan
youtube_channel,@torontomapleleafs,TOR,media,YouTube: TOR official,yes,Team channel; viewer comments are tagged fan
youtube_channel,@utahmammoth,UTA,media,YouTube: UTA official,yes,Team channel; viewer comments are tagged fan
youtube_channel,@canucks1970,VAN,media,YouTube: VAN official,yes,Team channel; viewer comments are tagged fan
youtube_channel,@vegasgoldenknights,VGK,media,YouTube: VGK official,yes,Team channel; viewer comments are tagged fan
youtube_channel,@nhljets,WPG,media,YouTube: WPG official,yes,Team channel; viewer comments are tagged fan
youtube_channel,@capitals,WSH,media,YouTube: WSH official,yes,Team channel; viewer comments are tagged fan
youtube_channel,@lockedonanaheimducks,ANA,media,YouTube: Locked On (ANA),yes,Locked On podcast
youtube_channel,@lockedonbostonbruins,BOS,media,YouTube: Locked On (BOS),yes,Locked On podcast
youtube_channel,@lockedonsabres,BUF,media,YouTube: Locked On (BUF),yes,Locked On podcast
youtube_channel,@lockedonhurricanes,CAR,media,YouTube: Locked On (CAR),yes,Locked On podcast
youtube_channel,@lockedonbluejackets,CBJ,media,YouTube: Locked On (CBJ),yes,Locked On podcast
youtube_channel,@lockedonflames,CGY,media,YouTube: Locked On (CGY),yes,Locked On podcast
youtube_channel,@lockedonblackhawks,CHI,media,YouTube: Locked On (CHI),yes,Locked On podcast
youtube_channel,@lockedonavalanche,COL,media,YouTube: Locked On (COL),yes,Locked On podcast
youtube_channel,@lockedonstars,DAL,media,YouTube: Locked On (DAL),yes,Locked On podcast
youtube_channel,@lockedonredwings,DET,media,YouTube: Locked On (DET),yes,Locked On podcast
youtube_channel,@lockedonoilers,EDM,media,YouTube: Locked On (EDM),yes,Locked On podcast
youtube_channel,@lockedonpanthersnhl,FLA,media,YouTube: Locked On (FLA),yes,Locked On podcast
youtube_channel,@lockedonkingsnhl,LAK,media,YouTube: Locked On (LAK),yes,Locked On podcast
youtube_channel,@lockedonwild,MIN,media,YouTube: Locked On (MIN),yes,Locked On podcast
youtube_channel,@lockedoncanadiens,MTL,media,YouTube: Locked On (MTL),yes,Locked On podcast
youtube_channel,@lockedondevils,NJD,media,YouTube: Locked On (NJD),yes,Locked On podcast
youtube_channel,@lockedonpredators,NSH,media,YouTube: Locked On (NSH),yes,Locked On podcast
youtube_channel,@lockedonislanders,NYI,media,YouTube: Locked On (NYI),yes,Locked On podcast
youtube_channel,@lockedonrangersnhl,NYR,media,YouTube: Locked On (NYR),yes,Locked On podcast
youtube_channel,@lockedonsenators,OTT,media,YouTube: Locked On (OTT),yes,Locked On podcast
youtube_channel,@lockedonflyers,PHI,media,YouTube: Locked On (PHI),yes,Locked On podcast
youtube_channel,@lockedonpenguins,PIT,media,YouTube: Locked On (PIT),yes,Locked On podcast
youtube_channel,@lockedonkraken,SEA,media,YouTube: Locked On (SEA),yes,Locked On podcast
youtube_channel,@lockedonsharks,SJS,media,YouTube: Locked On (SJS),yes,Locked On podcast
youtube_channel,@lockedonblues,STL,media,YouTube: Locked On (STL),yes,Locked On podcast
youtube_channel,@lockedonlightning,TBL,media,YouTube: Locked On (TBL),yes,Locked On podcast
youtube_channel,@lockedonleafs,TOR,media,YouTube: Locked On (TOR),yes,Locked On podcast
youtube_channel,@lockedonmammoth,UTA,media,YouTube: Locked On (UTA),yes,Locked On podcast
youtube_channel,@lockedoncanucks,VAN,media,YouTube: Locked On (VAN),yes,Locked On podcast
youtube_channel,@lockedonvegasgoldenknights,VGK,media,YouTube: Locked On (VGK),yes,Locked On podcast
youtube_channel,@lockedonjetsnhl,WPG,media,YouTube: Locked On (WPG),yes,Locked On podcast
youtube_channel,@lockedoncapitals,WSH,media,YouTube: Locked On (WSH),yes,Locked On podcast
youtube_channel,@lockedonnhl,,media,YouTube: Locked On NHL,yes,Media channel
youtube_channel,@lockedonnhlprospects,,media,YouTube: Locked On NHL Prospects,yes,Media channel
youtube_channel,@daily_faceoff,,media,YouTube: Daily Faceoff,yes,Media channel
youtube_channel,@dfoedmonton,EDM,media,YouTube: Daily Faceoff Edmonton,yes,Media channel
youtube_channel,@dfotoronto,TOR,media,YouTube: Daily Faceoff Toronto,yes,Media channel
youtube_channel,@dfovancouver,VAN,media,YouTube: Daily Faceoff Vancouver,yes,Media channel
youtube_channel,@dfofantasy,,media,YouTube: DFO Fantasy,yes,Media channel
bluesky_starter_pack,https://bsky.app/starter-pack/anthonymingioni.bsky.social/3lcg6mjmjiz2p,,beat_writer,Bluesky pack: Recommended Hockey Writers (anthonymingioni),yes,Every member counts as beat_writer
bluesky_starter_pack,https://bsky.app/starter-pack/marklazerus.bsky.social/3lgml5ek7772a,,beat_writer,Bluesky pack: NHL Writers (marklazerus),yes,Every member counts as beat_writer
bluesky_starter_pack,https://bsky.app/starter-pack/fantasysportsspot.net/3lbadteq77g24,,beat_writer,Bluesky pack: NHL/PWHL Starter Pack (fantasysportsspot),yes,Every member counts as beat_writer
bluesky_starter_pack,https://bsky.app/starter-pack/ryanwilson.bsky.social/3m52quldkka2c,,beat_writer,Bluesky pack: Hockey Hot Stove writers (ryanwilson),yes,Every member counts as beat_writer
bluesky_starter_pack,https://bsky.app/starter-pack/offsidenewsco.bsky.social/3lauf6i2qcd22,,beat_writer,Bluesky pack: Offside News Co (offsidenewsco),yes,Every member counts as beat_writer
bluesky_starter_pack,https://bsky.app/starter-pack/cktwenty.bsky.social/3lafqunxkon2f,,beat_writer,Bluesky pack: the best of hockey social (cktwenty),yes,Every member counts as beat_writer
bluesky_starter_pack,https://bsky.app/starter-pack/thranduel.bsky.social/3lb42g5xmkk2n,,beat_writer,Bluesky pack: Sabres/NHL Beat Writers / Content Creators (thranduel),yes,Every member counts as beat_writer
bluesky_starter_pack,https://bsky.app/starter-pack/marklazerus.bsky.social/3lgmkt2zh3f2h,,beat_writer,Bluesky pack: The Athletic NHL (marklazerus),yes,Every member counts as beat_writer
bluesky_starter_pack,https://bsky.app/starter-pack/colbydguy.pucksandpalms.com/3lavu34jm6u2q,,beat_writer,Bluesky pack: NHL Coverage (colbydguy),yes,Every member counts as beat_writer
bluesky_starter_pack,https://bsky.app/starter-pack/petbugs13.bsky.social/3m3biilxbvu2o,,beat_writer,Bluesky pack: hockey media starter pack (petbugs13),yes,Every member counts as beat_writer
bluesky_starter_pack,https://bsky.app/starter-pack/whatabossislaas.bsky.social/3mokxqmcxlc2j,,beat_writer,Bluesky pack: Hockey Media & Analysis (whatabossislaas),yes,Every member counts as beat_writer
bluesky_starter_pack,https://bsky.app/starter-pack/jeffreitman.bsky.social/3lbk7nqpvxg2x,,beat_writer,Bluesky pack: Hockey Media (jeffreitman),yes,Every member counts as beat_writer
bluesky_starter_pack,https://bsky.app/starter-pack/bricktothehouse.bsky.social/3lgghvxs75y2c,,beat_writer,Bluesky pack: NCAA Hockey (bricktothehouse),yes,Every member counts as beat_writer
bluesky_starter_pack,https://bsky.app/starter-pack/viewfrommyseats.bsky.social/3lfo7zuohy42n,,beat_writer,Bluesky pack: Matt Reitz's Hockey Starter Pack (viewfrommyseats),yes,Every member counts as beat_writer
bluesky_starter_pack,https://bsky.app/starter-pack/jhope1923.bsky.social/3latvplinkx2f,,fan,Bluesky pack: Hockey Follows (jhope1923),yes,Fan community pack
bluesky_starter_pack,https://bsky.app/starter-pack/jhfhockey.bsky.social/3lbgjtv3cxv2f,,beat_writer,Bluesky pack: College Hockey (jhfhockey),yes,Every member counts as beat_writer
bluesky_starter_pack,https://bsky.app/starter-pack/midshiftgaming.bsky.social/3lc6ni46wxl2u,VGK,fan,Bluesky pack: Vegas Golden Knights Hockey (midshiftgaming),yes,Fan community pack
bluesky_starter_pack,https://bsky.app/starter-pack/samoart.bsky.social/3lb3ijzvfxc2h,COL,fan,Bluesky pack: Avs Faithful (samoart),yes,Fan community pack
bluesky_starter_pack,https://bsky.app/starter-pack/islesbuzz.com/3lggr2tki342r,NYI,fan,Bluesky pack: New York Islanders (islesbuzz),yes,Fan community pack
bluesky_starter_pack,https://bsky.app/starter-pack/vnchlsn.bsky.social/3lawpp6fkhh2d,COL,fan,Bluesky pack: Colorado Avalanche (vnchlsn),yes,Fan community pack
rss,https://bruins.substack.com/feed,BOS,media,Bruins Cap Newsletter (Reed Powers),yes,Cap-focused Bruins newsletter; headlines and snippets only
